{
  "info": {
    "_postman_id": "2e997b01-cb46-46d6-a757-34870f050a04",
    "name": "Final Exam-Webservices",
    "schema": "https://schema.getpostman.com/json/collection/v2.1.0/collection.json",
    "_exporter_id": "30021436"
  },
  "item": [
    {
      "name": "Product",
      "item": [
        {
          "name": "Get all products",
          "request": {
            "method": "GET",
            "header": [],
            "url": {
              "raw": "http://localhost:8090/product/",
              "protocol": "http",
              "host": [
                "localhost"
              ],
              "port": "8090",
              "path": [
                "product",
                ""
              ]
            }
          },
          "response": []
        },
        {
          "name": "Get Product byid",
          "request": {
            "method": "GET",
            "header": [],
            "url": {
              "raw": "http://localhost:8090/product/3",
              "protocol": "http",
              "host": [
                "localhost"
              ],
              "port": "8090",
              "path": [
                "product",
                "3"
              ]
            }
          },
          "response": []
        },
        {
          "name": "Save Product",
          "request": {
            "method": "POST",
            "header": [],
            "body": {
              "mode": "raw",
              "raw": "    {\r\n        \"sku_id\": \"ho123\",\r\n        \"product_name\": \"Poutine\",\r\n        \"expiry_date\": \"2023-10-31\"\r\n    }",
              "options": {
                "raw": {
                  "language": "json"
                }
              }
            },
            "url": {
              "raw": "http://localhost:8090/product/",
              "protocol": "http",
              "host": [
                "localhost"
              ],
              "port": "8090",
              "path": [
                "product",
                ""
              ]
            }
          },
          "response": []
        },
        {
          "name": "Update a Product",
          "request": {
            "method": "PUT",
            "header": [],
            "body": {
              "mode": "raw",
              "raw": "    {\r\n        \"sku_id\": \"ho123\",\r\n        \"product_name\": \"Poutine_Update\",\r\n        \"expiry_date\": \"2023-10-15\"\r\n    }",
              "options": {
                "raw": {
                  "language": "json"
                }
              }
            },
            "url": {
              "raw": "http://localhost:8090/product/find/5",
              "protocol": "http",
              "host": [
                "localhost"
              ],
              "port": "8090",
              "path": [
                "product",
                "find",
                "5"
              ]
            }
          },
          "response": []
        },
        {
          "name": "Delete a Product",
          "request": {
            "method": "DELETE",
            "header": [],
            "url": {
              "raw": "http://localhost:8090/product/find/4",
              "protocol": "http",
              "host": [
                "localhost"
              ],
              "port": "8090",
              "path": [
                "product",
                "find",
                "4"
              ]
            }
          },
          "response": []
        }
      ]
    }
  ]
}