{
	"info": {
		"_postman_id": "bba14a90-9ec6-4efb-a4af-5137147c1ea2",
		"name": "Project Web Services",
		"schema": "https://schema.getpostman.com/json/collection/v2.1.0/collection.json",
		"_exporter_id": "30021436"
	},
	"item": [
		{
			"name": "Movies",
			"item": [
				{
					"name": "Get all movies",
					"request": {
						"method": "GET",
						"header": [],
						"url": {
							"raw": "http://localhost:8090/movies/",
							"protocol": "http",
							"host": [
								"localhost"
							],
							"port": "8090",
							"path": [
								"movies",
								""
							]
						}
					},
					"response": []
				},
				{
					"name": "Get movies by id",
					"request": {
						"method": "GET",
						"header": [],
						"url": {
							"raw": "http://localhost:8090/movies/3",
							"protocol": "http",
							"host": [
								"localhost"
							],
							"port": "8090",
							"path": [
								"movies",
								"3"
							]
						}
					},
					"response": []
				},
				{
					"name": "Save movies",
					"request": {
						"method": "POST",
						"header": [],
						"body": {
							"mode": "raw",
							"raw": "    {\r\n        \"title\": \"TestTitle\",\r\n        \"genre\": \"TestDrama\",\r\n        \"year\": 2024,\r\n        \"rating\": 9.9,\r\n        \"director\": \"Hossein Nazarpour\",\r\n        \"cast\": \"Test, Tim Robbins, Morgan Freeman, Bob Gunton\"\r\n    }",
							"options": {
								"raw": {
									"language": "json"
								}
							}
						},
						"url": {
							"raw": "http://localhost:8090/movies/",
							"protocol": "http",
							"host": [
								"localhost"
							],
							"port": "8090",
							"path": [
								"movies",
								""
							]
						}
					},
					"response": []
				},
				{
					"name": "Update a movie",
					"request": {
						"method": "PUT",
						"header": [],
						"body": {
							"mode": "raw",
							"raw": "    {\r\n        \"title\": \"Updated_TestTitle\",\r\n        \"genre\": \"TestDrama\",\r\n        \"year\": 2025,\r\n        \"rating\": 10.0,\r\n        \"director\": \"Hossein Nazarpour\",\r\n        \"cast\": \"Update, Tim Robbins\"\r\n    }",
							"options": {
								"raw": {
									"language": "json"
								}
							}
						},
						"url": {
							"raw": "http://localhost:8090/movies/find/11",
							"protocol": "http",
							"host": [
								"localhost"
							],
							"port": "8090",
							"path": [
								"movies",
								"find",
								"11"
							]
						}
					},
					"response": []
				},
				{
					"name": "Delete a movie",
					"request": {
						"method": "DELETE",
						"header": [],
						"url": {
							"raw": "http://localhost:8090/movies/find/11",
							"protocol": "http",
							"host": [
								"localhost"
							],
							"port": "8090",
							"path": [
								"movies",
								"find",
								"11"
							]
						}
					},
					"response": []
				}
			]
		}
	]
}