{
  "info": {
    "_postman_id": "72421876-9984-4935-a275-1ad58b76b815",
    "name": "WebServices",
    "schema": "https://schema.getpostman.com/json/collection/v2.1.0/collection.json",
    "_exporter_id": "23357643"
  },
  "item": [
    {
      "name": "Project-Movie",
      "item": [
        {
          "name": "Get all movies",
          "request": {
            "method": "GET",
            "header": [],
            "url": {
              "raw": "http://localhost:8080/movies/",
              "protocol": "http",
              "host": [
                "localhost"
              ],
              "port": "8080",
              "path": [
                "movies",
                ""
              ]
            }
          },
          "response": []
        },
        {
          "name": "Get movie by ID",
          "request": {
            "method": "GET",
            "header": [],
            "url": {
              "raw": "http://localhost:8080/movies/find/10",
              "protocol": "http",
              "host": [
                "localhost"
              ],
              "port": "8080",
              "path": [
                "movies",
                "find",
                "10"
              ]
            }
          },
          "response": []
        },
        {
          "name": "Save a movie",
          "request": {
            "method": "POST",
            "header": [],
            "body": {
              "mode": "raw",
              "raw": " {\r\n        \"title\": \"Schindler's List\",\r\n        \"genre\": \"Biography\",\r\n        \"year\": 1993,\r\n        \"rating\": 8.9,\r\n        \"director\": \"Steven Spielberg\",\r\n        \"cast\": \"Liam Neeson, Ralph Fiennes\"\r\n    }",
              "options": {
                "raw": {
                  "language": "json"
                }
              }
            },
            "url": {
              "raw": "http://localhost:8080/movies/",
              "protocol": "http",
              "host": [
                "localhost"
              ],
              "port": "8080",
              "path": [
                "movies",
                ""
              ]
            }
          },
          "response": []
        },
        {
          "name": "Update a movie",
          "request": {
            "method": "PUT",
            "header": [],
            "body": {
              "mode": "raw",
              "raw": " {\r\n        \"title\": \"Schindler's List\",\r\n        \"genre\": \"Biography\",\r\n        \"year\": 1993,\r\n        \"rating\": 8.9,\r\n        \"director\": \"Steven Spielberg\",\r\n        \"cast\": \"Liam Neeson, Ralph Fiennes\"\r\n    }",
              "options": {
                "raw": {
                  "language": "json"
                }
              }
            },
            "url": {
              "raw": "http://localhost:8080/movies/find/3",
              "protocol": "http",
              "host": [
                "localhost"
              ],
              "port": "8080",
              "path": [
                "movies",
                "find",
                "3"
              ]
            }
          },
          "response": []
        },
        {
          "name": "Delete Movie",
          "request": {
            "method": "DELETE",
            "header": [],
            "url": {
              "raw": "http://localhost:8080/movies/find/10",
              "protocol": "http",
              "host": [
                "localhost"
              ],
              "port": "8080",
              "path": [
                "movies",
                "find",
                "10"
              ]
            }
          },
          "response": []
        }
      ]
    }
  ]
}